CIK,Year,Sentimental Score
20,2009,12
20,2008,1736
20,2007,1902
20,2006,-6
20,2005,1416
20,2004,1736
20,2003,3467
20,2002,4959
20,2001,4635
20,2000,6722
20,1999,3178
20,1998,5039
20,1997,5208
20,1996,525
20,1995,874
1800,2018,37719
1800,2017,31422
1800,2016,28744
1800,2015,30107
1800,2014,25639
1800,2013,206
1800,2012,267
1800,2011,277
1800,2010,202
1800,2009,1482
1800,2008,524
1800,2007,660
1800,2006,626
1800,2005,984
1800,2004,917
1800,2003,0
1800,2002,0
1800,2001,0
1800,2000,0
1800,1999,3225
1800,1998,0
1800,1997,0
1800,1996,0
1800,1995,0
1800,1994,0
2034,2018,26680
2034,2017,8773
2034,2016,7394
2034,2015,6347
2034,2014,6521
2034,2013,7448
2034,2012,7930
2034,2011,11521
2034,2010,1015
2034,2009,1485
2034,2008,0
2034,2007,932
2034,2006,8696
2034,2005,5398
2034,2004,8752
2034,2003,2670
2034,2002,2170
2034,2001,790
2034,2000,2635
2034,1999,3520
2034,1998,550
2034,1997,578
2034,1996,0
2034,1995,0
2070,2000,1756
2070,1999,0
2070,1998,0
2070,1997,0
2070,1996,0
2070,1995,0
2098,2018,0
2098,2017,0
2098,2016,4509
2098,2015,1358
2098,2014,3031
2098,2013,3258
2098,2012,3595
2098,2011,3555
2098,2010,1160
2098,2009,1325
2098,2008,4222
2098,2007,2731
2098,2006,2938
2098,2005,2466
2098,2004,383
2098,2003,0
2098,2002,60
2098,2001,60
2098,2000,60
2098,1999,60
2098,1998,50
2098,1997,315
2098,1996,-758
2098,1995,635
2135,2009,27655
2135,2008,27958
2135,2007,71007
2135,2006,82137
2135,2005,50751
2135,2004,25211
2135,2003,18068
2135,2002,22936
2135,2001,8040
2135,2000,2483
2135,1999,10870
2135,1998,12913
2135,1997,10307
2135,1996,13585
2178,2018,5708
2178,2017,15582
2178,2016,2435
2178,2015,3343
2178,2014,3731
2178,2013,3990
2178,2012,5291
2178,2011,4671
2178,2010,4032
2178,2009,1752
2178,2008,0
2178,2007,0
2178,2006,0
2178,2005,2434
2178,2004,2054
2178,2003,0
2178,2002,0
2178,2001,0
2178,2000,0
2178,1999,0
2178,1998,0
2178,1997,0
2178,1996,0
2178,1995,0
2186,2018,1692
2186,2017,3656
2186,2016,4676
2186,2015,3486
2186,2014,3555
2186,2013,3635
2186,2012,2681
2186,2011,2447
2186,2010,3132
2186,2009,4961
2186,2008,4258
2186,2007,5999
2186,2006,9834
2186,2005,9014
2186,2004,7169
2186,2003,1898
2186,2002,4326
2186,2001,2635
2186,2000,2844
2186,1999,1237
2186,1998,362
2186,1997,815
2186,1996,881
2186,1995,1071
2488,2018,25265
2488,2017,38025
2488,2016,37856
2488,2015,24982
2488,2014,14263
2488,2013,12774
2488,2012,15485
2488,2011,23287
2488,2010,26539
2488,2009,31528
2488,2008,28046
2488,2007,27927
2488,2006,25236
2488,2005,45117
2488,2004,41605
2488,2003,22815
2488,2002,15859
2488,2001,9570
2488,2000,11835
2488,1999,18132
2488,1998,14495
2488,1997,112508
2488,1996,37602
2488,1995,71576
2488,1994,29892
2491,2014,27902
2491,2013,33551
2491,2012,30873
2491,2011,26599
2491,2010,26478
2491,2009,28965
2491,2008,19323
2491,2007,13315
2491,2006,4039
2491,2005,2320
2491,2004,6382
2491,2003,5021
2491,2002,9330
2491,2001,9278
2491,2000,11635
2491,1999,20378
2491,1998,24066
2491,1997,49100
2491,1996,16395
2491,1995,9401
2589,2003,3087
2589,2002,4860
2589,2001,3309
2589,2000,3514
2589,1999,3861
2589,1998,5270
2589,1997,2535
2589,1996,2884
2589,1995,1880
2601,2011,1631
2601,2010,0
2601,2009,0
2601,2007,20
2601,2006,0
2601,2005,0
2601,2004,0
2601,2003,0
2601,2002,0
2601,2001,0
2601,2000,0
2601,1999,100
2601,1998,305
2601,1997,0
2601,1996,0
2601,1995,0
2969,2018,0
2969,2017,44428
2969,2016,15168
2969,2015,13433
2969,2014,9382
2969,2013,21677
2969,2012,21507
2969,2011,22510
2969,2010,13140
2969,2009,9226
2969,2008,31235
2969,2007,32348
2969,2006,23483
2969,2005,21874
2969,2004,15313
2969,2003,6375
2969,2002,0
2969,2001,0
2969,2000,0
2969,1999,0
2969,1998,0
2969,1997,0
2969,1996,0
2969,1995,0
2969,1994,0
3116,2018,18972
3116,2017,27842
3116,2016,41900
3116,2014,6288
3116,2013,7990
3116,2012,15360
3116,2011,11839
3116,2010,14832
3116,2009,14690
3116,2008,5284
3116,2007,6963
3116,2006,3967
3116,2005,14142
3116,2004,15557
3116,2003,31599
3116,2002,40
3116,2001,80
3116,2000,3939
3116,1999,6079
3116,1998,5000
3116,1997,5465
3116,1996,5986
3116,1995,1531
3197,2018,5318
3197,2017,10054
3197,2016,10311
3197,2015,14066
3197,2014,8742
3197,2013,28635
3197,2012,22895
3197,2011,18825
3197,2010,18218
3197,2009,1919
3197,2008,2481
3197,2007,2854
3197,2006,9884
3197,2005,0
3197,2004,0
3197,2003,0
3197,2002,2055
3197,2001,1045
3197,1999,0
3197,1996,0
3370,2008,8257
3370,2007,7749
3370,2006,11104
3370,2005,50947
3370,2004,40099
3370,2003,0
3370,2002,26944
3370,2001,0
3370,2000,0
3370,1999,8744
3370,1998,5668
3370,1997,7482
3370,1996,38975
3370,1995,8184
3370,1994,26270
3499,2018,19173
3499,2017,3749
3499,2016,3199
3499,2015,4040
3499,2014,2364
3499,2013,4103
3499,2012,6045
3499,2011,2967
3499,2010,3016
3499,2009,3393
3499,2008,0
3499,2007,0
3499,2006,2102
3499,2005,1552
3499,2004,1938
3499,2003,2205
3499,2002,3328
3499,2001,2328
3499,2000,2581
3499,1999,364
3499,1998,8163
3499,1997,3954
3499,1996,2732
3499,1995,12337
3570,2018,27503
3570,2017,40524
3570,2016,44150
3570,2015,33210
3570,2014,28836
3570,2013,26815
3570,2012,19124
3570,2011,21083
3570,2010,20339
3570,2009,11993
3570,2008,17551
3570,2007,20935
3570,2006,17109
3570,2005,12276
3570,2004,6748
3570,2003,14561
3570,2002,7699
3570,2001,7890
3570,2000,13391
3570,1999,21719
3570,1998,14350
3570,1997,26877
3673,2010,20917
3673,2009,24203
3673,2008,22671
3673,2007,34638
3673,2006,24841
3673,2005,41084
3673,2004,36493
3673,2003,16224
3673,2002,0
3673,2001,0
3673,2000,0
3673,1999,0
3673,1998,0
3673,1997,0
3673,1996,0
3673,1995,0
3673,1994,0
3721,2003,0
3721,2002,0
3721,2001,0
3721,2000,0
3721,1999,0
3721,1998,0
3721,1997,0
3721,1996,0
3721,1995,0
3721,1994,0
3753,2004,4359
3753,2003,567
3753,2002,-221
3753,2001,1337
3753,2000,4869
3753,1999,11403
3753,1998,5291
3753,1997,5982
3753,1996,4306
3753,1995,3802
3753,1994,1959
3941,2000,4917
3941,1999,32952
3941,1998,10405
3941,1997,15875
3941,1996,5095
3941,1995,6865
3941,1994,3224
3952,2013,5466
3952,2012,8629
3952,2011,6019
3952,2010,3331
3952,2009,0
3952,2008,0
3952,2007,472
3952,2006,0
3952,2005,0
3952,2004,0
3952,2003,0
3952,2002,0
3952,2001,5376
3952,2000,3609
3952,1999,7198
3952,1998,6064
3952,1997,5668
3952,1996,5930
3952,1995,5657
3982,2011,8760
3982,2010,13959
3982,2009,9752
3982,2008,19953
3982,2007,21008
3982,2006,27236
3982,2005,92470
3982,2004,9662
3982,2003,3974
3982,2002,2886
3982,2001,9813
3982,2000,7042
3982,1999,18108
3982,1998,2543
3982,1997,1639
3982,1996,1325
3982,1995,461
4127,2018,20691
4127,2017,19438
4127,2016,17556
4127,2015,17901
4127,2014,16598
4127,2013,13356
4127,2012,16975
4127,2011,4493
4127,2010,7858
4127,2009,15816
4127,2008,8425
4127,2007,8951
4127,2006,13182
4127,2005,10025
4127,2004,15251
4127,2003,0
4127,2002,0
4127,2001,0
4127,2000,0
4127,1999,0
4127,1998,0
4127,1997,0
4127,1996,0
4127,1995,0
4164,2006,0
4164,2005,6944
4164,2004,8448
4164,2003,12062
4164,2002,8158
4164,2001,8957
4164,2000,4804
4164,1999,10280
4164,1998,16979
4164,1997,5870
4164,1996,2774
4164,1995,5639
4187,2018,0
4187,2017,0
4187,2016,9352
4187,2015,21626
4187,2014,34603
4187,2013,13751
4187,2012,25670
4187,2011,562
4187,2010,285
4187,2009,465
4187,2008,444
4187,2007,58
4187,2006,334
4187,2005,0
4187,2004,0
4187,2003,0
4187,2002,0
4187,2001,0
4187,2000,0
4187,1999,20
4187,1998,1980
4187,1997,4018
4281,2018,25122
4281,2017,3725
4281,2016,9182
4281,2015,9694
4281,2014,8086
4281,2013,6039
4281,2012,3443
4281,2011,7977
4281,2010,9072
4281,2009,14651
4281,2008,19938
4281,2007,15028
4281,2006,12423
4281,2005,7723
4281,2004,7117
4281,2003,5792
4281,2002,2490
4281,2001,5084
4281,2000,0
4281,1999,0
4281,1998,0
4281,1997,0
4281,1996,0
4281,1995,0
4281,1994,0
4285,2007,2848
4285,2006,3114
4285,2005,14535
4285,2004,9498
4285,2003,6743
4285,2002,1475
4285,2001,3042
4285,2000,22482
4285,1999,-302
4285,1998,1825
4285,1997,8981
4310,2001,917
4310,2000,4069
4310,1999,15715
4310,1998,4077
4310,1997,27839
4310,1996,29242
4310,1995,10758
4310,1994,18370
4317,2007,4171
4317,2006,6169
4344,2005,4226
4344,2004,4991
4344,2003,8841
4344,2002,6399
4344,2001,6025
4344,2000,7625
4344,1999,7179
4344,1998,4431
4344,1997,4265
4344,1996,4818
4344,1995,7668
4447,2018,6699
4447,2017,7795
4447,2016,6771
4447,2015,7204
4447,2014,14419
4447,2013,13667
4447,2012,9545
4447,2011,8666
4447,2010,8045
4447,2009,9363
4447,2008,10860
4447,2007,12599
4447,2006,12399
4447,2005,12436
4447,2004,10537
4447,2003,13897
4447,2002,6422
4447,2001,4459
4447,2000,6179
4447,1999,32096
4447,1998,4019
4447,1997,39163
4447,1996,4727
4447,1995,2837
4447,1994,3593
4611,2011,14449
4611,2010,16066
4611,2009,3444
4611,2008,18169
4611,2007,16280
4611,2006,20323
4611,2005,21761
4611,2004,12676
4611,2003,11946
4611,2002,1413
4611,2001,63
4611,2000,0
4611,1999,0
4611,1998,0
4611,1997,0
4611,1996,0
4611,1995,0
4904,2018,113404
4904,2017,70962
4904,2016,75418
4904,2015,101868
4904,2014,115256
4904,2013,139595
4904,2012,102553
4904,2011,120819
4904,2010,105023
4904,2009,48760
4904,2008,0
4904,2007,0
4904,2006,0
4904,2005,0
4904,2004,108949
4904,2003,20
4904,2002,60
4904,2001,60
4904,2000,69
4904,1999,0
4904,1998,0
4904,1997,0
4904,1996,0
4904,1995,0
4904,1994,0
5187,2009,20513
5187,2008,27837
5187,2007,28324
5187,2006,33192
5187,2005,17973
5187,2004,16658
5187,2003,8865
5187,2002,12772
5187,2001,17819
5187,2000,25810
5187,1999,13008
5187,1998,18659
5187,1997,16705
5187,1996,15317
5187,1995,9742
5187,1994,8926
5768,2016,0
5768,2015,0
5768,2014,0
5768,2013,0
5768,2012,0
5768,2011,0
5768,2010,0
5768,2009,0
5768,2008,0
5768,2007,0
5768,2006,0
5768,2005,0
5768,2004,0
5768,2003,0
5768,2002,0
5768,2001,0
5768,2000,0
5768,1999,0
5768,1998,0
5768,1997,0
5768,1996,0
5768,1995,0
5907,2005,27696
5907,2004,9968
5907,2003,12704
5907,2002,0
5907,2001,-40
5907,2000,0
5907,1999,0
5907,1998,0
5907,1997,0
5907,1996,0
5907,1995,0
5907,1994,0
5981,2018,3880
5981,2017,9088
5981,2016,10259
5981,2015,7362
5981,2014,5644
5981,2013,7248
5981,2012,8904
5981,2011,11027
5981,2010,5579
5981,2009,6226
5981,2008,11594
5981,2007,7074
5981,2006,8769
5981,2005,4915
5981,2004,29758
5981,2003,9780
5981,2002,7524
5981,2001,5046
5981,2000,5162
5981,1999,4039
5981,1998,3718
5981,1997,5863
5981,1996,3411
5981,1995,2866
6176,2018,0
6176,2017,0
6176,2016,0
6176,2015,0
6176,2014,0
6176,2013,0
6176,2012,0
6176,2011,0
6176,2010,0
6176,2009,0
6176,2008,0
6176,2007,0
6176,2006,0
6176,2005,0
6176,2004,0
6176,2003,0
6176,2002,0
6176,2001,0
6176,2000,0
6176,1999,0
6176,1998,0
6176,1997,0
6176,1996,0
6176,1995,0
6176,1994,0
6201,2018,63709
6201,2017,48563
6201,2016,40892
6201,2015,49597
6201,2014,69508
6201,2013,37862
6201,2012,27344
6201,2011,10059
6201,2010,11478
6201,2009,11144
6201,2008,12616
6201,2007,4486
6201,2006,8160
6201,2005,6571
6201,2004,5292
6201,2003,12412
6201,2002,4185
6201,2001,4886
6201,2000,10407
6201,1999,11687
6201,1998,28096
6201,1997,11607
6201,1996,12540
6201,1995,7013
6201,1994,6206
6207,2018,12704
6207,2017,10438
6207,2016,10841
6207,2015,12827
6207,2014,18406
6207,2013,17513
6207,2012,15068
6207,2011,7591
6207,2010,2804
6207,2009,2708
6207,2008,1582
6207,2007,5421
6207,2006,5357
6207,2005,3825
6207,2004,3459
6207,2003,2434
6207,2002,1412
6207,2001,1520
6207,2000,473
6207,1999,0
6207,1998,0
6207,1997,0
6207,1996,0
6207,1995,2878
6207,1994,0
6260,2004,18994
6260,2003,14789
6260,2002,24854
6260,2001,4729
6260,2000,5278
6260,1999,10877
6260,1998,5290
6260,1997,5148
6260,1996,5479
6260,1995,10685
6260,1994,5186
6281,2018,42728
6281,2017,52864
6281,2016,42230
6281,2015,41324
6281,2014,44695
6281,2013,41091
6281,2012,20489
6281,2011,33861
6281,2010,43833
6281,2009,41593
6281,2008,47320
6281,2007,39807
6281,2006,38918
6281,2005,20097
6281,2004,19112
6281,2003,22774
6281,2002,6238
6281,2001,2894
6281,2000,2179
6281,1999,15842
6281,1998,2171
6281,1997,25012
6281,1996,14186
6281,1995,22257
6281,1994,12096
6284,2018,23981
6284,2017,35872
6284,2016,34859
6284,2015,33517
6284,2014,40475
6284,2013,34295
6284,2012,39847
6284,2011,40469
6284,2010,38077
6284,2009,39558
6284,2008,34504
6284,2007,25297
6284,2006,21189
6284,2005,22132
6284,2004,3531
6284,2003,25694
6284,2002,0
6284,2001,9224
6284,2000,5808
6284,1999,0
6284,1998,0
6284,1997,0
6284,1996,0
6284,1995,0
6284,1994,0
6292,2013,1236
6292,2012,2452
6292,2011,5218
6292,2010,4213
6292,2009,10206
6292,2008,13218
6292,2007,0
6292,2006,0
6292,2005,6802
6292,2004,12844
6292,2003,3122
6292,2002,5496
6292,2001,2451
6292,2000,5233
6292,1999,15774
6292,1998,4023
6292,1997,5668
6292,1996,4832
6292,1995,3088
6314,2014,5570
6314,2013,14064
6314,2012,12932
6314,2011,10259
6314,2010,3629
6314,2009,6839
6314,2008,21515
6314,2007,53269
6314,2006,18955
6314,2005,13753
6314,2004,7133
6314,2003,2476
6314,2002,0
6314,2001,0
6314,2000,5642
6314,1999,7301
6314,1998,14437
6314,1997,6205
6314,1996,3341
6314,1995,3323
6383,2007,2386
6383,2006,16301
6383,2005,9076
6383,2004,6453
6383,2003,3068
6383,2002,2754
6383,2001,76
6383,2000,870
6383,1999,1376
6383,1998,5909
6383,1997,5666
6383,1996,1071
6383,1995,0
6494,2018,1418
6494,2017,3599
6494,2016,2843
6494,2015,3797
6494,2014,3339
6494,2013,2243
6494,2012,2945
6494,2011,3532
6494,2010,5120
6494,2009,0
6494,2008,0
6494,2002,15740
6494,2001,10676
6494,2000,7087
6494,1999,5947
6494,1998,7582
6494,1997,5513
6494,1996,21041
6494,1995,5484
6720,2007,5663
6720,2006,20769
6720,2005,20
6720,2004,0
6720,2003,0
6720,2002,0
6720,2001,0
6720,2000,0
6720,1999,0
6720,1998,0
6720,1997,0
6720,1996,0
6720,1995,0
6720,1994,0
6769,2018,28739
6769,2017,24573
6769,2016,13898
6769,2015,2055
6769,2014,5988
6769,2013,15376
6769,2012,10285
6769,2011,2170
6769,2010,8059
6769,2009,9279
6769,2008,14457
6769,2007,11770
6769,2006,10099
6769,2005,0
6769,2004,0
6769,2003,0
6769,2002,0
6769,2001,0
6769,2000,0
6769,1999,-466
6769,1998,200
6769,1997,0
6769,1996,523
6769,1995,1587
6769,1994,0
6814,2010,4838
6814,2009,4481
6814,2008,0
6814,2007,1680
6814,2006,3304
6814,2005,6599
6814,2004,5688
6814,2003,9516
6814,2002,5862
6814,2001,8650
6814,2000,4777
6814,1999,3152
6814,1998,6746
6814,1997,13934
6814,1996,45007
6814,1995,8355
6885,2018,21769
6885,2017,24776
6885,2016,21923
6885,2015,21355
6885,2014,21576
6885,2013,22414
6885,2012,7646
6885,2011,8199
6885,2010,5758
6885,2009,4522
6885,2008,3638
6885,2007,0
6885,2006,0
6885,2005,7268
6885,2004,12475
6885,2003,8514
6885,2002,9368
6885,2001,4314
6885,2000,603
6885,1999,818
6885,1998,1701
6885,1997,0
6885,1996,0
6885,1995,2623
6951,2018,43134
6951,2017,40040
6951,2016,38247
6951,2015,38273
6951,2014,41027
6951,2013,44692
6951,2012,33031
6951,2011,11931
6951,2010,7463
6951,2009,2989
6951,2008,5427
6951,2007,5938
6951,2006,6440
6951,2005,4957
6951,2004,9096
6951,2003,1526
6951,2002,540
6951,2001,121
6951,2000,674
6951,1999,1130
6951,1998,-51
6951,1997,0
6951,1996,0
6951,1995,1499
6951,1994,0
7039,2018,14225
7039,2017,22410
7039,2016,11973
7039,2015,8395
7039,2014,8187
7039,2013,6704
7039,2012,7176
7039,2011,6916
7039,2010,5945
7039,2009,0
7039,2008,0
7039,2007,2809
7039,2006,14615
7039,2005,8292
7039,2004,9873
7039,2002,5200
7039,2001,4080
7039,2000,3370
7039,1999,2318
7039,1998,6465
7039,1997,5881
7039,1996,1342
7039,1995,0
7084,2018,18969
7084,2017,28000
7084,2016,23719
7084,2015,30028
7084,2014,24138
7084,2013,22747
7084,2012,4833
7084,2011,7569
7084,2010,2966
7084,2009,0
7084,2008,3039
7084,2007,0
7084,2006,0
7084,2005,2865
7084,2004,10318
7084,2003,6937
7084,2002,1292
7084,2001,0
7084,2000,0
7084,1999,0
7084,1998,22
7084,1997,0
7084,1996,0
7084,1995,160
7084,1994,0
7332,2018,10753
7332,2017,13699
7332,2016,11871
7332,2015,13753
7332,2014,13983
7332,2013,673778
7332,2012,26377
7332,2011,14655
7332,2010,14307
7332,2009,11756
7332,2008,10657
7332,2007,9135
7332,2006,12420
7332,2005,10287
7332,2004,11401
7332,2003,12419
7332,2002,0
7332,2001,0
7332,2000,0
7332,1999,0
7332,1998,0
7332,1997,0
7332,1996,0
7332,1995,0
7332,1994,0
7431,2018,8485
7431,2017,6657
7431,2016,5987
7431,2015,5158
7431,2014,7271
7431,2013,6667
7431,2012,3968
7431,2011,25388
7431,2010,20825
7431,2009,14477
7431,2008,7895
7431,2007,11534
7431,2006,23006
7431,2005,8637
7431,2004,11336
7431,2003,-1805
7431,2002,4936
7431,2001,3773
7431,2000,9626
7431,1999,4465
7431,1998,21211
7431,1997,11840
7431,1996,11484
7431,1995,7148
7431,1994,6137
7536,2018,20491
7536,2017,27578
7536,2016,25462
7536,2015,29850
7536,2014,31549
7536,2013,26969
7536,2012,26813
7536,2011,30556
7536,2010,1788
7536,2009,17571
7536,2008,27666
7536,2007,18968
7536,2006,5555
7536,2005,2187
7536,2004,6992
7536,2003,1479
7536,2002,1837
7536,2001,770
7536,2000,1182
7536,1999,2018
7536,1998,1175
7536,1997,3337
7536,1996,25056
7536,1995,2912
7536,1994,3321
8063,2018,14382
8063,2017,22039
8063,2016,14878
8063,2015,15444
8063,2014,7550
8063,2013,6593
8063,2012,4364
8063,2011,4261
8063,2010,5306
8063,2009,3560
8063,2008,4647
8063,2007,21544
8063,2006,6020
8063,2005,4485
8063,2004,2734
8063,2003,1125
8063,2002,1937
8063,2001,3798
8063,2000,2605
8063,1999,3498
8063,1998,3837
8063,1997,2969
8063,1995,855
8146,2018,24774
8146,2017,34745
8146,2016,26542
8146,2015,9016
8146,2014,22883
8146,2013,21580
8146,2012,22606
8146,2011,22633
8146,2010,19156
8146,2009,21150
8146,2008,21367
8146,2007,15072
8146,2006,16358
8146,2005,0
8146,2004,0
8146,2003,0
8146,2002,0
8146,2001,0
8146,2000,0
8146,1999,0
8146,1998,0
8146,1997,0
8146,1996,0
8146,1995,0
8411,2017,19983
8411,2016,16598
8411,2015,15105
8411,2014,23984
8411,2013,20390
8411,2012,10284
8411,2011,0
8411,2010,0
8411,2009,0
8411,2008,0
8411,2007,0
8411,2006,5368
8411,2005,0
8411,2004,0
8411,2003,2586
8411,2002,0
8411,2001,0
8411,2000,0
8411,1999,0
8411,1998,0
8411,1997,0
8411,1996,0
8411,1995,0
8411,1994,0
8670,2018,35316
8670,2017,33110
8670,2016,37004
8670,2015,35379
8670,2014,30707
8670,2013,37621
8670,2012,44944
8670,2011,25696
8670,2010,12221
8670,2009,25420
8670,2008,22792
8670,2007,12959
8670,2006,17819
8670,2005,15122
8670,2004,11542
8670,2003,8408
8670,2002,2147
8670,2001,0
8670,2000,0
8670,1999,0
8670,1998,0
8670,1997,249
8670,1996,0
8670,1995,0
8670,1994,0
8818,2018,11584
8818,2017,13663
8818,2016,10075
8818,2015,10698
8818,2014,10726
8818,2013,11245
8818,2012,10460
8818,2011,9638
8818,2010,7843
8818,2009,8575
8818,2008,13091
8818,2007,16443
8818,2006,19174
8818,2005,18701
8818,2004,11685
8818,2003,13184
8818,2002,19462
8818,2001,4042
8818,2000,8461
8818,1999,6362
8818,1998,0
8818,1997,0
8818,1996,0
8818,1995,0
8818,1994,0
8858,2018,12538
8858,2017,18937
8858,2016,15943
8858,2015,15248
8858,2014,21084
8858,2013,16046
8858,2012,15348
8858,2011,20366
8858,2010,15389
8858,2009,13736
8858,2008,22791
8858,2007,21659
8858,2006,28651
8858,2005,23798
8858,2004,14710
8858,2003,6331
8858,2002,4246
8858,2001,4288
8858,2000,3928
8858,1999,2725
8858,1998,3274
8858,1997,4872
8858,1996,7375
8858,1995,6569
8858,1994,5396
8868,2018,40479
8868,2017,31569
8868,2016,42773
8868,2015,38357
8868,2014,36489
8868,2013,38509
8868,2012,40347
8868,2011,32350
8868,2010,34680
8868,2009,29133
8868,2008,37276
8868,2007,31203
8868,2006,25459
8868,2005,20252
8868,2004,21597
8868,2003,12655
8868,2002,72452
8868,2001,28497
8868,2000,18079
8868,1999,14118
8868,1998,23212
8868,1997,17337
8868,1996,52396
8868,1995,14060
8868,1994,63937
9092,2018,0
9092,2017,0
9092,2016,0
9092,2015,0
9092,2014,0
9092,2013,0
9092,2012,0
9092,2011,0
9092,2010,0
9092,2009,0
9092,2008,0
9092,2007,0
9092,2006,0
9092,2005,0
9092,2004,0
9092,2003,0
9092,2002,0
9092,2001,0
9092,2000,0
9092,1999,0
9092,1998,0
9092,1997,0
9092,1996,0
9092,1995,0
9096,2005,4027
9096,2004,-184
9096,2003,919
9096,2002,432
9096,2001,1141
9096,2000,-516
9096,1999,608
9096,1998,3569
9096,1997,3692
9096,1996,2078
9096,1995,2278
9263,2013,15488
9263,2012,24074
9263,2011,21406
9263,2010,12653
9263,2009,11812
9263,2008,16097
9263,2007,16740
9263,2006,12604
9263,2005,1739
9263,2004,4687
9263,2003,4428
9263,2002,2838
9263,2001,5163
9263,2000,2368
9263,1999,1683
9263,1998,0
9263,1997,0
9263,1996,0
9263,1995,0
9326,2018,4244
9326,2017,7385
9326,2016,4552
9326,2015,5408
9326,2014,3348
9326,2013,4892
9326,2012,5642
9326,2011,7844
9326,2010,3228
9326,2009,4907
9326,2008,0
9326,2007,0
9326,2006,0
9326,2005,0
9326,2004,0
9326,2003,1587
9326,2002,0
9326,2001,0
9326,2000,0
9326,1999,0
9326,1998,0
9342,2010,7078
9342,2009,11022
9342,2008,8261
9342,2007,13061
9342,2006,9918
9342,2005,10691
9342,2004,9270
9342,2003,1999
9342,2002,876
9342,2001,114
9342,2000,4366
9342,1999,9117
9342,1998,15231
9342,1997,2196
9342,1996,2231
9342,1995,2386
9342,1994,1944
9389,2018,11695
9389,2017,13141
9389,2016,9766
9389,2015,5896
9389,2014,8297
9389,2013,7189
9389,2012,8268
9389,2011,8810
9389,2010,7398
9389,2009,2390
9389,2008,0
9389,2007,0
9389,2006,1383
9389,2005,4266
9389,2004,5292
9389,2003,1529
9389,2002,4111
9389,2001,2512
9389,2000,3640
9389,1999,3983
9389,1998,11382
9389,1997,7677
9389,1996,3705
9389,1995,6321
9389,1994,6544
9534,2007,847
9534,2006,3922
9534,2005,5606
9534,2004,5739
9534,2003,1706
9534,2002,3670
9534,2001,5485
9534,2000,0
9534,1999,0
9534,1998,0
9534,1997,0
9534,1996,0
9534,1995,0
9534,1994,0
9779,2008,13919
9779,2007,0
9779,2006,6924
9779,2005,21005
9779,2004,19323
9779,2003,12401
9779,2002,12115
9779,2001,11031
9779,2000,14090
9779,1999,8427
9779,1998,68085
9779,1997,32250
9779,1996,43106
9779,1995,11388
9779,1994,11224
9801,2006,13177
9801,2005,9579
9801,2004,5513
9801,2003,2223
9801,2002,3054
9801,2001,1374
9801,2000,2336
9801,1999,2244
9801,1998,2736
9801,1997,0
9801,1996,0
9801,1995,0
9801,1994,0
9892,2017,29756
9892,2016,27524
9892,2015,25863
9892,2014,24305
9892,2013,26080
9892,2012,24263
9892,2011,23197
9892,2010,21785
9892,2009,20616
9892,2008,21348
9892,2007,53205
9892,2006,51268
9892,2005,43942
9892,2004,59790
9892,2003,0
9892,2002,0
9892,2001,0
9892,2000,0
9892,1999,0
9892,1998,0
9892,1997,0
9892,1996,0
9892,1995,0
9892,1994,0
9984,2018,46639
9984,2017,35611
9984,2016,30206
9984,2015,25557
9984,2014,34039
9984,2013,31142
9984,2012,25785
9984,2011,24226
9984,2010,25462
9984,2009,24605
9984,2008,27809
9984,2007,21487
9984,2006,32253
9984,2005,23725
9984,2004,19412
9984,2003,8594
9984,2002,5237
9984,2001,2136
9984,2000,4623
9984,1999,6180
9984,1998,10562
9984,1997,25864
9984,1996,5463
9984,1995,5258
9984,1994,2610
10048,2018,18853
10048,2017,17766
10048,2016,20398
10048,2015,25183
10048,2014,23476
10048,2013,15137
10048,2012,25949
10048,2011,34087
10048,2010,34158
10048,2009,32798
10048,2008,25684
10048,2007,13080
10048,2006,7258
10048,1995,2383
10081,2008,13462
10081,2007,9893
10081,2006,6430
10081,2005,10461
10081,2004,15477
10081,2003,14267
10081,2002,12748
10081,2001,12697
10081,2000,5199
10081,1999,5901
10081,1998,15258
10081,1997,10325
10081,1996,8264
10081,1995,6259
10119,2000,913
10119,1999,11
10119,1995,24097
10254,2018,39944
10254,2017,22070
10254,2016,15913
10254,2015,14612
10254,2014,9533
10254,2013,6268
10254,2012,5981
10254,2011,4695
10254,2010,3459
10254,2009,3092
10254,2008,7953
10456,2018,26239
10456,2017,30830
10456,2016,6691
10456,2015,9498
10456,2014,39401
10456,2013,40123
10456,2012,33264
10456,2011,31513
10456,2010,31836
10456,2009,31862
10456,2008,29918
10456,2007,23549
10456,2006,25235
10456,2005,33091
10456,2004,24867
10456,2003,13298
10456,2002,10920
10456,2001,12923
10456,2000,37541
10456,1999,15256
10456,1998,8678
10456,1997,3961
10456,1996,5032
10456,1995,0
10456,1994,0
10795,2018,29137
10795,2017,31624
10795,2016,28308
10795,2015,17540
10795,2014,14518
10795,2013,11896
10795,2012,9406
10795,2011,8341
10795,2010,7096
10795,2009,5750
10795,2008,5924
10795,2007,7276
10795,2006,6566
10795,2005,3959
10795,2004,9244
10795,2003,4748
10795,2002,5209
10795,2001,3359
10795,2000,2204
10795,1999,2962
10795,1998,3382
10795,1997,5209
10795,1996,7616
10795,1995,6397
10795,1994,5112
11199,2018,25134
11199,2017,21200
11199,2016,15648
11199,2015,13686
11199,2014,18200
11199,2013,13939
11199,2012,4312
11199,2011,2851
11199,2010,5391
11199,2009,2994
11199,2008,1909
11199,2007,3932
11199,2006,4949
11199,2005,5163
11199,2004,4675
11199,2003,2203
11199,2002,1045
11199,2001,2076
11199,2000,2270
11199,1999,37106
11199,1998,3304
11199,1997,3196
11199,1996,3322
11199,1995,2856
11199,1994,3110
11454,2002,2094
11454,2001,7564
11454,2000,7343
11454,1999,67877
11454,1998,7901
11454,1997,8275
11454,1996,11655
11454,1995,10122
11454,1994,16217
11860,2003,2879
11860,2002,1113
11860,2001,0
11860,2000,0
11860,1999,0
11860,1998,0
11860,1997,0
11860,1996,0
11860,1995,1628
11860,1994,0
11860,1993,0
12040,2018,8695
12040,2017,9381
12040,2016,5853
12040,2015,4011
12040,2014,5933
12040,2013,6657
12040,2012,3711
12040,2011,4976
12040,2010,6552
12040,2009,10214
12040,2008,9362
12040,2007,3836
12040,2006,877
12040,2005,2697
12040,2004,0
12040,2003,0
12040,2002,0
12180,2001,-347
12180,2000,573
12180,1999,1097
12180,1998,0
12180,1997,0
12180,1996,0
12180,1995,0
12180,1994,0
12208,2018,0
12208,2017,0
12208,2016,18873
12208,2015,24110
12208,2014,33030
12208,2013,38320
12208,2012,38969
12208,2011,18150
12208,2010,4484
12208,2009,12671
12208,2008,10651
12208,2007,7080
12208,2006,6927
12208,2005,6487
12208,2004,7226
12208,2003,6210
12208,2002,4032
12208,2001,4309
12208,2000,3552
12208,1999,5825
12208,1998,24366
12208,1997,14545
12208,1996,5331
12208,1995,6514
12208,1994,3425
12355,2009,23575
12355,2008,25988
12355,2007,21851
12355,2006,24884
12355,2005,19844
12355,2004,14320
12355,2003,5597
12355,2002,7065
12355,2001,6411
12355,2000,17678
12355,1999,24093
12355,1998,0
12355,1997,0
12355,1996,0
12355,1995,0
12355,1994,0
12654,2000,0
12654,1999,0
12654,1998,0
12654,1997,0
12654,1996,0
12654,1995,0
12654,1994,0
12927,2018,24835
12927,2017,28316
12927,2016,28843
12927,2015,27306
12927,2014,29244
12927,2013,25320
12927,2012,21442
12927,2011,24195
12927,2010,23799
12927,2009,22436
12927,2008,24459
12927,2007,25133
12927,2006,23691
12927,2005,62257
12927,2004,37732
12927,2003,11305
12927,2002,5424
12927,2001,4846
12927,2000,3754
12927,1999,1187
12927,1998,1058
12927,1997,22533
12927,1996,10368
12927,1995,5084
12927,1994,27656
12978,2013,12036
12978,2012,9471
12978,2011,10814
12978,2010,10205
12978,2009,8605
12978,2008,8102
12978,2007,1639
12978,2006,6201
12978,2005,46529
12978,2004,28126
12978,2003,9043
12978,2002,5173
12978,2001,3772
12978,2000,7800
12978,1999,14823
12978,1998,4555
12978,1997,1568
12978,1996,4162
12978,1995,317
12978,1994,740
13573,2018,2844
13573,2017,3502
13573,2016,2590
13573,2015,2607
13573,2014,2281
13573,2013,2085
13573,2012,2159
13573,2011,2572
13573,2010,1556
13573,2009,0
13573,2008,2757
13573,2007,1374
13573,2006,1670
13573,2005,1054
13573,2004,518
13573,2003,398
13573,2002,756
13573,2001,727
13573,2000,0
13573,1999,0
13573,1998,0
13573,1997,0
13573,1996,0
13573,1995,0
13606,2010,1698
13606,2009,7040
13606,2008,14707
13606,2007,5840
13606,2006,0
13606,2005,0
13606,2004,0
13606,2003,0
13606,2002,0
13606,2001,2641
13606,2000,13145
13606,1999,6609
13606,1998,13017
13606,1997,8228
13606,1996,2451
13606,1995,1207
13610,2010,9224
13610,2009,10425
13610,2008,8554
13610,2007,36605
13610,2006,6340
13610,2005,6518
13610,2004,10707
13610,2003,11570
13610,2002,0
13610,2001,0
13610,2000,0
13610,1999,0
13610,1998,0
13610,1997,0
13610,1996,0
13610,1995,0
13610,1994,0
14195,2018,11813
14195,2017,14035
14195,2016,16725
14195,2015,14764
14195,2014,15413
14195,2013,11830
14195,2012,15343
14195,2011,9471
14195,2010,3436
14195,2009,3244
14195,2008,3741
14195,2007,3027
14195,2006,11059
14195,2005,3952
14195,2004,7832
14195,2003,2582
14195,2002,2398
14195,2001,1613
14195,2000,2952
14195,1999,2936
14195,1998,1277
14195,1997,4429
14195,1996,4539
14195,1995,6339
14195,1994,3916
14272,2018,27212
14272,2017,20246
14272,2016,24529
14272,2015,29747
14272,2014,26380
14272,2013,26930
14272,2012,23111
14272,2011,25418
14272,2010,31886
14272,2009,50496
14272,2008,50961
14272,2007,50232
14272,2006,50053
14272,2005,31851
14272,2004,54521
14272,2003,27925
14272,2002,10963
14272,2001,17808
14272,2000,16797
14272,1999,20524
14272,1998,0
14272,1997,0
14272,1996,0
14272,1995,0
14272,1994,0
14280,2011,5503
14280,2010,0
14280,2009,0
14280,2008,10702
14280,2006,8277
14280,2005,13640
14280,2004,3892
14280,2003,524
14280,2002,0
14280,2001,0
14280,2000,0
14280,1999,0
14280,1998,0
14280,1996,0
14280,1995,0
14637,2007,0
14637,2004,628
14637,2003,3214
14637,2002,1525
14637,2001,4009
14637,2000,137
14637,1999,448
14637,1998,95340
14637,1997,5022
14637,1996,6600
14637,1995,25713
14637,1994,0
14803,2004,2707
14803,2003,6217
14803,2002,5804
14803,2001,5966
14803,2000,5802
14803,1999,8884
14803,1998,0
14803,1997,492
14803,1996,540
14803,1995,0
14846,2018,12485
14846,2017,20909
14846,2016,22948
14846,2015,18358
14846,2014,21104
14846,2013,25632
14846,2012,26952
14846,2011,3949
14846,2010,0
14846,2009,0
14846,2008,0
14846,2007,2177
14846,2006,8076
14846,2005,9143
14846,2004,7175
14846,2003,7923
14846,2002,7112
14846,2001,6190
14846,2000,5821
14846,1999,4384
14846,1998,4335
14846,1997,12072
14846,1996,3571
14846,1995,4938
14846,1994,5138
14930,2018,38844
14930,2017,34323
14930,2016,45190
14930,2015,50505
14930,2014,48737
14930,2013,41710
14930,2012,33806
14930,2011,30604
14930,2010,34655
14930,2009,11745
14930,2008,0
14930,2007,0
14930,2006,0
14930,2005,4513
14930,2004,16236
14930,2003,10361
14930,2002,7858
14930,2001,4469
14930,2000,10814
14930,1999,36365
14930,1998,35556
14930,1997,7226
14930,1996,0
14930,1995,0
14930,1994,0
14995,2004,5091
14995,2003,3284
14995,2002,4679
14995,2001,3133
14995,2000,4135
14995,1999,9923
14995,1998,6679
14995,1997,11367
14995,1996,25406
14995,1995,17856
15615,2018,51491
15615,2017,47405
15615,2016,42860
15615,2015,50675
15615,2014,46591
15615,2013,69563
15615,2012,68621
15615,2011,78110
15615,2010,44296
15615,2009,36424
15615,2008,29241
15615,2007,24786
15615,2006,10581
15615,2005,5508
15615,2004,7898
15615,2003,6590
15615,2002,7577
15615,2001,0
15615,2000,3914
15615,1999,4241
15615,1998,0
15615,1997,0
15615,1996,0
15615,1995,0
15615,1994,8066
15678,2000,1236
15678,1999,0
15678,1998,0
15678,1997,0
15678,1996,0
15678,1995,0
15840,2003,10282
15840,2002,2928
15840,2001,3519
15840,2000,2115
15840,1999,5514
15840,1998,12965
15840,1997,5828
15840,1996,10810
15840,1995,5711
15840,1994,9641
16040,2018,52171
16040,2017,37782
16040,2016,41509
16040,2015,48625
16040,2014,49690
16040,2013,39207
16040,2012,38565
16040,2011,42713
16040,2010,36879
16040,2009,27094
16040,2008,30490
16040,2007,31311
16040,2006,36535
16040,2005,28562
16040,2004,23134
16040,2003,8507
16040,2002,8097
16040,2001,15893
16040,2000,15354
16040,1999,7766
16040,1998,19547
16040,1997,23194
16040,1996,9787
16040,1995,8008
16040,1994,19598
16058,2018,13658
16058,2017,15753
16058,2016,15769
16058,2015,12760
16058,2014,12273
16058,2013,13530
16058,2012,17215
16058,2011,13736
16058,2010,13995
16058,2009,13783
16058,2008,14022
16058,2007,8648
16058,2006,11116
16058,2005,7346
16058,2004,7519
16058,2003,5656
16058,2002,4905
16058,2001,6210
16058,2000,6881
16058,1999,12402
16058,1998,12478
16058,1997,7069
16058,1996,7740
16058,1995,4787
16058,1994,1303
16104,2011,3228
16104,2010,4880
16104,2009,4673
16104,2008,5609
16104,2007,5348
16104,2006,5020
16104,2005,4357
16104,2004,3647
16104,2003,0
16104,2002,0
16104,2001,0
16104,2000,0
16104,1999,0
16104,1998,0
16104,1997,0
16104,1996,0
16104,1995,0
16357,2000,2286
16357,1999,4797
16357,1998,25435
16357,1997,41533
16357,1996,3396
16357,1995,0
16614,2013,24841
16614,2012,49699
16614,2011,21252
16614,2010,30581
16614,2009,16196
16614,2008,18720
16614,2007,14212
16614,2006,360
16614,2005,160
16614,2004,0
16614,2003,0
16614,2002,0
16614,2001,0
16614,2000,169
16614,1999,0
16614,1998,0
16614,1997,0
17313,2018,59410
17313,2017,11418
17313,2016,10294
17313,2015,4800
17313,2014,5005
17313,2013,4992
17313,2012,4603
17313,2011,4377
17313,2010,4867
17313,2009,4599
17313,2008,6169
17313,2007,3529
17313,2006,4895
17313,2005,4606
17313,2004,4204
17313,2003,4184
17313,2002,2484
17313,2001,1604
17313,2000,2204
17313,1999,1720
17313,1998,1318
17313,1997,1501
17313,1996,1231
17313,1995,466
17843,2018,38977
17843,2017,30198
17843,2016,23383
17843,2015,24765
17843,2014,9137
17843,2013,16505
17843,2012,19314
17843,2011,12120
17843,2010,5520
17843,2009,3192
17843,2008,7905
17843,2007,9916
17843,2006,9035
17843,2005,9995
17843,2004,6897
17843,2003,3110
17843,2002,591
17843,2001,0
17843,2000,0
17843,1999,0
17843,1998,2344
17843,1997,515
17843,1996,0
17843,1995,2434
17843,1994,14637
18061,2012,1100
18061,2011,5234
18061,2010,5085
18061,2009,-1013
18061,2008,8562
18061,2007,7674
18061,2006,6144
18061,2005,5822
18061,2004,8295
18061,2003,3602
18061,2002,2915
18061,2001,308
18061,2000,0
18061,1999,0
18061,1998,0
18061,1997,1689
18061,1996,997
18061,1995,2168
18072,2007,4921
18072,2006,4773
18072,2005,6290
18072,2004,5161
18072,2003,10911
18072,2002,5878
18072,2001,6885
18072,2000,4021
18072,1999,3874
18072,1998,1814
18072,1997,4676
18072,1996,1568
18072,1995,5921
18072,1994,16714
18172,2018,27277
18172,2017,46906
18172,2016,39168
18172,2015,16490
18172,2014,20891
18172,2013,16065
18172,2012,5028
18172,2011,10516
18172,2010,19499
18172,2009,20196
18172,2008,14071
18172,2007,17800
18172,2006,11162
18172,2005,0
18172,2004,3589
18172,2003,1594
18172,2002,1954
18172,2001,4015
18172,2000,3706
18172,1999,3426
18172,1998,4525
18172,1997,4009
18172,1996,3918
18172,1995,5606
18172,1994,3621
18230,2018,56808
18230,2017,60682
18230,2016,60842
18230,2015,53516
18230,2014,57839
18230,2013,60373
18230,2012,69217
18230,2011,39651
18230,2010,102194
18230,2009,44560
18230,2008,85606
18230,2007,0
18230,2006,0
18230,2005,13581
18230,2004,46449
18230,2003,25794
18230,2002,10990
18230,2001,10712
18230,2000,12620
18230,1999,5551
18230,1998,28035
18230,1997,14784
18230,1996,13553
18230,1995,12459
18230,1994,11960
18255,2018,2539
18255,2017,2955
18255,2016,3471
18255,2015,5029
18255,2014,5862
18255,2013,4639
18255,2012,3022
18255,2011,2608
18255,2010,1914
18255,2009,1288
18255,2008,1394
18255,2007,1817
18255,2006,1305
18255,2005,2307
18255,2004,0
18255,2003,0
18255,2002,0
18255,2001,0
18255,2000,0
18255,1999,0
18255,1998,0
18255,1997,0
18255,1996,0
18255,1995,0
18255,1994,0
18396,2017,14174
18396,2016,22910
18396,2015,17163
18396,2014,19592
18396,2013,12861
18396,2012,18858
18396,2011,6022
18396,2010,14897
18396,2009,8582
18396,2008,16931
18396,2007,22925
18396,2006,22414
18396,2005,2968
18396,2004,2362
18396,2003,6134
18396,2002,0
18396,2001,0
18396,2000,0
18396,1999,0
18396,1998,0
18396,1997,0
18396,1996,0
18396,1995,0
18396,1994,0
18498,2018,15999
18498,2017,26269
18498,2016,36370
18498,2015,37879
18498,2014,38425
18498,2013,415824
18498,2012,37379
18498,2011,41240
18498,2010,32335
18498,2009,32372
18498,2008,26299
18498,2007,14858
18498,2006,28434
18498,2005,11440
18498,2004,9523
18498,2003,16324
18498,2002,5035
18498,2001,0
18498,2000,0
18498,1999,0
18498,1998,40
18498,1997,0
18498,1996,0
18498,1995,0
18498,1994,0
18532,2009,25037
18532,2008,36422
18532,2007,32944
18532,2006,32119
18532,2005,33852
18532,2004,29852
18532,2003,18840
18532,2002,9858
18532,2001,4712
18532,2000,3072
18532,1999,6419
18532,1998,10087
18532,1997,14706
18532,1996,7294
18532,1995,7074
18532,1994,5410
18808,2012,3743
18808,2011,15534
18808,2010,15521
18808,2009,6435
18808,2008,-91
18808,2007,6154
18808,2006,14009
18808,2005,19037
18808,2004,17151
18808,2003,11638
18808,2002,16446
18808,2001,9966
18808,2000,25827
18808,1999,73592
18808,1998,17411
18808,1997,23610
18808,1996,12895
18808,1995,17647
18808,1994,9414
18914,2006,3798
18914,2005,0
18914,2004,0
18914,2003,1445
18914,2002,1315
18914,2001,1030
18914,2000,0
18914,1999,0
18914,1998,0
18914,1997,0
18914,1996,0
18914,1995,0
18926,2018,23546
18926,2017,45156
18926,2016,32461
18926,2015,36875
18926,2014,34928
18926,2013,30629
18926,2012,42121
18926,2011,33443
18926,2010,20199
18926,2009,0
18926,2008,0
18926,2007,0
18926,2006,0
18926,2005,22961
18926,2004,18987
18926,2003,14120
18926,2002,38381
18926,2001,23737
18926,2000,140
18926,1999,0
18926,1998,36019
18926,1997,54908
18926,1996,41361
18926,1995,0
18926,1994,26887
18937,2012,1943
18937,2011,3087
18937,2010,2040
18937,2009,593
18937,2008,5734
18937,2007,5931
18937,2006,5843
18937,2005,2882
18937,2004,3758
18937,2003,2667
18937,2002,1255
18937,2001,1534
18937,2000,995
18937,1999,-180
18937,1998,2458
18937,1997,1980
18937,1996,6567
18937,1995,5098
19149,2016,1468
19149,2015,1244
19149,2014,18708
19149,2013,34334
19149,2012,49755
19149,2011,814
19149,2010,6925
19149,2009,3117
19149,2008,2340
19149,2007,0
19149,2006,0
19149,2005,2671
19149,2004,9046
19149,2003,7661
19149,2002,7449
19149,2001,6137
19149,2000,8154
19149,1999,7435
19149,1998,10443
19149,1997,7333
19149,1996,8586
19252,2006,0
19252,2005,0
19252,2004,1530
19252,2003,11411
19252,2002,4201
19252,2001,6436
19252,2000,11260
19252,1999,9204
19252,1998,21412
19252,1997,0
19252,1996,0
19252,1995,0
19353,2012,8251
19353,2011,25256
19353,2010,30864
19353,2009,27787
19353,2008,18912
19353,2007,11747
19353,2006,7114
19353,2005,22095
19353,2004,26998
19353,2003,13711
19353,2002,21011
19353,2001,9033
19353,2000,12695
19353,1999,18555
19353,1998,14068
19353,1997,12517
19353,1996,7575
19353,1995,4780
19353,1994,5491
19411,2018,7814
19411,2017,13766
19411,2016,11965
19411,2015,16035
19411,2014,20395
19411,2013,22602
19411,2012,22022
19411,2011,19389
19411,2010,21544
19411,2009,21954
19411,2008,23659
19411,2007,23696
19411,2006,20846
19411,2005,14203
19411,2004,26033
19411,2003,45680
19411,2002,0
19411,2001,0
19411,2000,0
19411,1999,1349
19411,1998,0
19411,1997,0
19411,1996,0
19411,1995,0
19411,1994,0
19446,2018,25961
19446,2017,27774
19446,2016,23422
19446,2015,33271
19446,2014,33293
19446,2013,32050
19446,2012,30282
19446,2011,29921
19446,2010,29057
19446,2009,29745
19446,2008,30633
19446,2007,28533
19446,2006,28191
19446,2005,20808
19446,2004,11004
19446,2003,12216
19446,2002,5752
19446,2001,5427
19446,2000,4285
19446,1999,4373
19446,1998,3807
19446,1997,5474
19446,1996,4198
19446,1995,2837
19584,2018,7212
19584,2017,6301
19584,2016,7439
19584,2015,6133
19584,2014,967
19584,2013,1842
19584,2012,3111
19584,2011,4636
19584,2010,4416
19584,2009,5395
19584,2008,4078
19584,2007,5626
19584,2006,12337
19584,2005,4011
19584,2004,6514
19584,2003,21744
19584,2002,9470
19584,2001,7090
19584,2000,9776
19584,1999,8244
19584,1998,10173
19584,1997,8612
19584,1996,23361
19584,1995,10184
19584,1994,13721
19612,2018,61484
19612,2017,99736
19612,2016,85947
19612,2015,84440
19612,2014,68920
19612,2013,66223
19612,2012,53430
19612,2011,30041
19612,2010,26000
19612,2009,26983
19612,2008,40556
19612,2007,48854
19612,2006,50022
19612,2005,20855
19612,2004,17435
19612,2003,6021
19612,2002,6679
19612,2001,7192
19612,2000,6835
19612,1999,5792
19612,1998,7929
19612,1997,8900
19612,1996,10690
19612,1995,7536
19617,2018,50365
19617,2017,85261
19617,2016,63919
19617,2015,0
19617,2014,0
19617,2013,0
19617,2012,0
19617,2011,0
19617,2010,0
19617,2009,0
19617,2008,0
19617,2007,0
19617,2006,0
19617,2005,0
19617,2004,0
19617,2003,0
19617,2002,9321
19617,2001,0
19617,2000,7512
19617,1999,24861
19617,1998,25809
19617,1997,28554
19617,1996,30344
19617,1995,34926
19617,1994,35539
19731,2008,0
19731,2007,0
19731,2006,0
19731,2005,0
19731,2004,0
19731,2003,0
19731,2002,0
19731,2001,1321
19731,2000,21323
19731,1999,2169
19731,1998,17176
19731,1997,4803
19731,1996,0
19731,1995,0
19731,1994,0
19745,2018,39292
19745,2017,48987
19745,2016,46632
19745,2015,40558
19745,2014,41466
19745,2013,39331
19745,2012,10156
19745,2011,10507
19745,2010,12309
19745,2009,12649
19745,2008,0
19745,2007,0
19745,2006,28
19745,2005,0
19745,2004,9142
19745,2003,9645
19745,2002,6485
19745,2001,8883
19745,2000,6934
19745,1999,7926
19745,1998,0
19745,1997,0
19745,1996,0
19745,1995,0
19871,2018,1468
19871,2017,1650
19871,2016,2928
19871,2015,1808
19871,2014,3031
19871,2013,3370
19871,2012,2747
19871,2011,2597
19871,2010,2344
19871,2009,-408
19871,2008,-50
19871,2007,1318
19871,2006,2660
19871,2005,2004
19871,2004,2675
19871,2003,0
19871,2002,0
19871,2001,0
19871,2000,0
19871,1999,0
19871,1998,0
19871,1997,0
19871,1996,0
19871,1995,0
20212,2018,41760
20212,2017,39366
20212,2016,41943
20212,2015,47756
20212,2014,37733
20212,2013,34231
20212,2012,21153
20212,2011,14259
20212,2010,13240
20212,2009,7678
20212,2008,13838
20212,2007,4418
20212,2006,0
20212,2005,0
20212,2004,7018
20212,2003,5420
20212,2002,2619
20212,2001,3095
20212,2000,4409
20212,1999,5617
20212,1998,7791
20212,1997,5537
20212,1996,13686
20212,1995,7686
20232,2014,5488
20232,2013,6741
20232,2012,3689
20232,2011,3318
20232,2010,3666
20232,2009,2360
20232,2008,6942
20232,2007,5228
20232,2006,5137
20232,2005,6252
20232,2004,6135
20232,2003,4976
20232,2002,2417
20232,2001,1574
20232,2000,2405
20232,1999,3975
20232,1998,2106
20232,1997,6283
20232,1996,1138
20232,1995,2210
20520,2018,20225
20520,2017,24687
20520,2016,25444
20520,2015,26052
20520,2014,26414
20520,2013,26521
20520,2012,30889
20520,2011,32274
20520,2010,31253
20520,2009,22138
20520,2008,9987
20520,2007,12234
20520,2006,13249
20520,2005,10438
20520,2004,16140
20520,2003,13506
20520,2002,13733
20520,2001,14253
20520,2000,11311
20520,1999,7914
20520,1998,9752
20520,1997,14696
20520,1996,12881
20520,1995,5613
20520,1994,6317
20629,2018,43749
20629,2017,35788
20629,2016,27625
20629,2015,27246
20629,2014,29717
20629,2013,34707
20629,2012,31823
20629,2011,13925
20629,2010,12290
20629,2009,15047
20629,2008,27597
20629,2007,9265
20629,2006,7841
20629,2005,16746
20629,2004,13192
20629,2003,3027
20629,2002,0
20629,2001,0
20629,2000,0
20629,1999,0
20629,1998,0
20629,1997,0
20629,1996,0
20629,1995,0
21076,2018,39283
21076,2017,30010
21076,2016,15824
21076,2015,29290
21076,2014,37796
21076,2013,33941
21076,2012,32425
21076,2011,34891
21076,2010,33505
21076,2009,29434
21076,2008,34048
21076,2007,29912
21076,2006,21007
21076,2005,33806
21076,2004,16271
21076,2003,5413
21076,2002,11124
21076,2001,9707
21076,2000,18481
21076,1999,18117
21076,1998,12286
21076,1997,4752
21076,1996,4144
21076,1995,4232
21076,1994,3383
21157,2001,0
21157,2000,-60
21157,1999,0
21157,1998,0
21157,1997,0
21157,1996,0
21157,1995,0
21344,2018,70119
21344,2017,69477
21344,2016,64192
21344,2015,63599
21344,2014,65151
21344,2013,63791
21344,2012,70996
21344,2011,67551
21344,2010,64229
21344,2009,53503
21344,2008,37518
21344,2007,33040
21344,2006,26833
21344,2005,31226
21344,2004,25406
21344,2003,12049
21344,2002,8055
21344,2001,6742
21344,2000,6741
21344,1999,1563
21344,1998,5112
21344,1997,10906
21344,1996,13767
21344,1995,7317
21344,1994,10184
21438,2008,1833
21438,2007,1403
21438,2006,460
21438,2005,26
21438,2004,6
21438,2003,109
21438,2002,-409
21438,2001,123
21438,2000,547
21438,1999,1336
21438,1998,4217
21438,1997,5663
21438,1996,686
21438,1995,9561
21510,2018,47260
21510,2017,43582
21510,2016,33654
21510,2015,27948
21510,2014,27990
21510,2013,38761
21510,2012,35129
21510,2011,44140
21510,2010,27883
21510,2009,20681
21510,2008,33939
21510,2006,23116
21510,2005,59173
21510,2004,21494
21510,2003,13068
21510,2002,8840
21510,2001,5307
21510,2000,1689
21510,1999,0
21510,1998,0
21510,1997,0
21510,1996,0
21510,1995,0
21510,1994,0
21535,2018,5044
21535,2017,7298
21535,2016,1966
21535,2015,0
21535,2014,0
21535,2013,0
21535,2012,0
21535,2011,0
21535,2010,0
21535,2009,0
21535,2008,0
21535,2007,0
21535,2006,3455
21535,2005,0
21535,2004,2175
21535,2003,2536
21535,2002,-2765
21535,2001,0
21535,2000,0
21535,1999,0
21535,1998,12341
21535,1997,3524
21535,1996,8290
21535,1995,0
21665,2018,61931
21665,2017,52491
21665,2016,47271
21665,2015,43040
21665,2014,37154
21665,2013,41700
21665,2012,32590
21665,2011,14215
21665,2010,1470
21665,2009,880
21665,2008,1550
21665,2007,1757
21665,2006,1530
21665,2005,1860
21665,2004,2000
21665,2003,0
21665,2002,0
21665,2001,0
21665,2000,0
21665,1999,0
21665,1998,0
21665,1997,0
21665,1996,0
21665,1995,0
21665,1994,0
21828,2013,1703
21828,2012,1491
21828,2011,2901
21828,2010,2889
21828,2009,2427
21828,2008,878
21828,2007,0
21828,2006,0
21828,2005,3246
21828,2004,7734
21828,2003,2485
21828,2001,1719
21828,2000,2459
21828,1995,0
22356,2018,36407
22356,2017,58257
22356,2016,57319
22356,2015,57903
22356,2014,53833
22356,2013,51829
22356,2012,49695
22356,2011,59955
22356,2010,67517
22356,2009,71390
22356,2008,62797
22356,2007,45979
22356,2006,41923
22356,2005,28884
22356,2004,26851
22356,2003,17800
22356,2002,5572
22356,2001,0
22356,2000,0
22356,1999,0
22356,1998,0
22356,1997,0
22356,1996,13482
22356,1995,0
22551,2012,2627
22551,2011,47670
22551,2010,11166
22551,2009,5610
22551,2008,8397
22551,2007,0
22551,2006,6981
22551,2005,2812
22551,2004,3503
22551,2003,6259
22551,2002,3344
22551,1996,2568
22701,2018,0
22701,2017,-363
22701,2016,1047
22701,2015,1602
22701,2014,1300
22701,2013,4065
22701,2012,1168
22701,2011,4418
22701,2010,2021
22701,2009,1972
22701,2008,4714
22701,2007,8702
22701,2005,1918
22701,2004,6730
22701,2003,5853
22701,2002,5783
22701,2001,3698
22701,2000,4112
22701,1999,5825
22701,1998,5648
22701,1997,7882
22701,1996,5883
22701,1995,6413
22912,2007,15418
22912,2006,18510
22912,2005,14733
22912,2004,0
22912,2003,10556
22912,2002,0
22912,2001,0
22912,2000,0
22912,1999,917
22912,1998,4734
22912,1997,4127
22912,1996,5427
22912,1995,5276
23019,2008,11307
23019,2007,7665
23019,2006,2502
23019,2005,708
23019,2004,-202
23019,2003,0
23019,2002,0
23019,2001,0
23019,2000,0
23019,1999,0
23019,1998,0
23019,1997,0
23019,1996,0
23019,1995,0
23055,2004,40
23055,2003,6096
23055,2002,5547
23055,2001,4644
23055,2000,3990
23055,1999,3720
23055,1998,3278
23055,1997,3653
23055,1996,3722
23055,1995,2128
23071,2006,0
23071,2005,3210
23071,2004,5146
23071,2003,1624
23071,2002,3915
23071,2001,3010
23071,2000,3568
23071,1999,5162
23071,1998,9180
23071,1997,18317
23071,1996,13633
23071,1995,28608
23082,2017,15702
23082,2016,45184
23082,2015,50582
23082,2014,72847
23082,2013,60568
23082,2012,50975
23082,2011,44386
23082,2010,26372
23082,2009,15890
23082,2008,26913
23082,2007,18162
23082,2006,21932
23082,2005,27561
23082,2004,13636
23082,2003,7091
23082,2002,4864
23082,2001,3656
23082,2000,3556
23082,1999,3025
23082,1998,16439
23082,1997,14835
23082,1996,30374
23082,1995,48621
23082,1994,0
23111,2018,13352
23111,2017,10306
23111,2016,11683
23111,2015,21203
23111,2014,22070
23111,2013,20822
23111,2012,8054
23111,2011,10277
23111,2010,8307
23111,2009,7986
23111,2008,9389
23111,2007,9097
23111,2006,11795
23111,2005,6450
23111,2004,4523
23111,2003,2041
23111,2002,4097
23111,2001,-199
23111,2000,2390
23111,1999,5432
23111,1998,4937
23111,1997,12174
23111,1996,3343
23111,1995,5483
23194,2018,0
23194,2017,0
23194,2016,0
23194,2015,0
23194,2014,0
23194,2013,9221
23194,2012,0
23194,2011,0
23194,2010,0
23194,2009,0
23194,2008,0
23194,2007,0
23194,2006,0
23194,2005,9494
23194,2004,9180
23194,2003,0
23194,2002,1769
23194,2001,0
23194,2000,0
23194,1999,3603
23194,1998,29693
23194,1997,23644
23194,1996,35519
23194,1995,6856
23197,2018,49302
23197,2017,65326
23197,2016,55443
23197,2015,45345
23197,2014,52086
23197,2013,53826
23197,2012,48022
23197,2011,46927
23197,2010,24216
23197,2009,9311
23197,2008,9393
23197,2007,7872
23197,2006,4109
23197,2005,2110
23197,2004,1463
23197,2003,986
23197,2002,2534
23197,2001,5501
23197,2000,4304
23197,1999,2991
23197,1998,3759
23197,1997,2478
23197,1996,1832
23197,1995,1186
23259,2007,11109
23259,2006,19984
23259,2005,30298
23259,2004,15605
23259,2003,5951
23259,2002,8950
23259,2001,7781
23259,2000,8738
23259,1999,7981
23259,1998,6542
23259,1997,9308
23259,1996,5256
23259,1995,4215
23304,2003,10651
23304,2002,6251
23304,2001,540
23304,2000,1959
23304,1999,2118
23304,1998,9974
23304,1997,20977
23304,1996,10789
23304,1995,23748
23304,1994,18962
23341,2010,2846
23341,2009,1588
23341,2008,0
23341,2007,6266
23341,2006,6752
23341,2005,7837
23341,2004,5442
23341,2003,8027
23341,2002,2986
23341,2001,1822
23341,2000,463
23341,1999,1427
23341,1998,514
23341,1997,-244
23341,1996,294
23503,2013,3241
23503,2012,2139
23503,2011,1316
23503,2010,-240
23503,2009,-60
23503,2008,0
23503,1999,0
23503,1998,0
23503,1997,0
23503,1996,0
23666,2014,0
23666,2013,0
23666,2012,0
23666,2011,0
23666,2010,0
23666,2009,0
23666,2008,0
23666,2007,0
23666,2006,0
23666,2005,0
23666,2004,0
23666,2003,0
23666,2002,0
23666,2001,0
23666,2000,0
23666,1999,16351
23666,1998,4609
23666,1997,2825
23666,1996,0
23666,1995,0
23666,1994,0
24104,2018,5523
24104,2017,7980
24104,2016,11200
24104,2015,9489
24104,2014,7210
24104,2013,8477
24104,2012,3345
24104,2011,3845
24104,2010,3550
24104,2009,9706
24104,2008,10296
24104,2007,8598
24104,2006,9556
24104,2005,8018
24104,2004,3705
24104,2003,1526
24104,2002,3012
24104,2001,2557
24104,2000,2041
24104,1999,1229
24104,1998,1634
24104,1997,1946
24104,1996,1970
24104,1995,1135
24104,1994,443
24491,2018,18841
24491,2017,20712
24491,2016,2300
24491,2015,2512
24491,2014,26
24491,2013,455
24491,2012,3277
24491,2011,14129
24491,2010,17932
24491,2009,4637
24491,2008,7535
24491,2007,9938
24491,2006,7403
24491,2005,8550
24491,2004,10132
24491,2003,5546
24491,2002,7631
24491,2001,2230
24491,2000,25964
24491,1999,34962
24491,1998,279
24491,1997,1173
24491,1996,1262
24491,1995,657
24491,1994,779
24545,2018,38777
24545,2017,48686
24545,2016,52181
24545,2015,51154
24545,2014,52389
24545,2013,46590
24545,2012,42389
24545,2011,23203
24545,2010,16219
24545,2009,11275
24545,2008,16880
24545,2007,11409
24545,2006,19413
24545,2005,23015
24545,2004,11850
24545,2003,12115
24545,2002,7370
24545,2001,4569
24545,2000,5545
24545,1999,4298
24545,1998,4860
24545,1997,3004
24545,1996,3493
24545,1995,25802
24545,1994,2442
24741,2018,32606
24741,2017,37909
24741,2016,37116
24741,2015,33395
24741,2014,48412
24741,2013,43317
24741,2012,21757
24741,2011,31017
24741,2010,31424
24741,2009,28837
24741,2008,42266
24741,2007,41396
24741,2006,69157
24741,2005,44661
24741,2004,35987
24741,2003,2316
24741,2002,2146
24741,2001,4653
24741,2000,15201
24741,1999,4208
24741,1998,5975
24741,1997,2645
24741,1996,1819
24741,1995,1887
24741,1994,2988
25212,2015,4221
25212,2014,5721
25212,2013,6336
25212,2012,3913
25212,2011,4662
25212,2010,6938
25212,2009,5143
25212,2008,7211
25212,2007,6849
25212,2006,9344
25212,2005,5191
25212,2004,1474
25212,2003,3293
25212,2002,3506
25212,2001,2376
25212,2000,2766
25212,1999,1405
25212,1998,0
25212,1997,0
25212,1996,0
25212,1995,0
25232,2018,12664
25232,2017,18695
25232,2016,25522
25232,2015,14703
25232,2014,22078
25232,2013,19204
25232,2012,16814
25232,2011,8500
25232,2010,12122
25232,2009,12574
25232,2008,16311
25232,2007,7694
25232,2006,10703
25232,2005,5795
25232,2004,17702
25232,2003,6828
25232,2002,8379
25232,2001,7498
25232,2000,7004
25232,1999,6531
25232,1998,7337
25232,1997,13255
25232,1996,4818
25232,1995,3274
25232,1994,782
25445,2018,47444
25445,2017,29984
25445,2016,26316
25445,2015,24498
25445,2014,34193
25445,2013,32625
25445,2012,13452
25445,2011,10092
25445,2010,8028
25445,2009,4699
25445,2008,5529
25445,2007,5880
25445,2006,9624
25445,2005,6271
25445,2004,5644
25445,2003,1683
25445,2002,2610
25445,2001,19220
25445,2000,8510
25445,1999,3219
25445,1998,4427
25445,1997,5211
25445,1996,11278
25445,1995,2677
25445,1994,4385
25475,2018,22484
25475,2017,33363
25475,2016,26545
25475,2015,26283
25475,2014,25789
25475,2013,24367
25475,2012,24874
25475,2011,25584
25475,2010,11823
25475,2009,12711
25475,2008,13242
25475,2007,12926
25475,2006,13327
25475,2005,9362
25475,2004,7018
25475,2003,4028
25475,2002,3326
25475,2001,3588
25475,2000,3687
25475,1999,1565
25475,1998,3958
25475,1997,5069
25475,1996,1930
25475,1995,549
25793,2013,3623
25793,2012,2722
25793,2011,4220
25793,2010,3594
25793,2009,2486
25793,2008,4777
25793,2007,2476
25793,2006,5563
25793,2005,4839
25793,2004,6583
25793,2003,3292
25793,2002,5108
25793,2001,2003
25793,2000,3030
25793,1999,1018
25793,1998,1755
25793,1997,0
25793,1996,0
25793,1995,0
25793,1994,0
25895,2018,2256
25895,2017,1658
25895,2016,1798
25895,2015,2515
25895,2014,1913
25895,2013,1926
25895,2012,1691
25895,2011,1627
25895,2010,2192
25895,2009,1820
25895,2008,327
25895,2007,0
25895,2006,0
25895,2005,0
25895,2004,0
25895,2003,0
25895,2002,0
25895,2001,0
25895,2000,0
25895,1999,0
25895,1998,0
25895,1997,0
25895,1996,0
25895,1995,0
26058,2018,26279
26058,2017,26039
26058,2016,20913
26058,2015,24476
26058,2014,4463
26058,2013,803
26058,2012,1706
26058,2011,4933
26058,2010,12099
26058,2009,5658
26058,2008,3965
26058,2007,0
26058,2006,0
26058,2005,16008
26058,2004,12149
26058,2003,2743
26058,2002,-463
26058,2001,-1551
26058,2000,9817
26058,1999,5058
26058,1998,10096
26058,1997,23831
26058,1996,3354
26058,1995,4320
26058,1994,4441
26076,2018,0
26076,2017,0
26076,2016,0
26076,2015,32851
26076,2014,0
26076,2013,0
26076,2012,0
26076,2011,0
26076,2010,0
26076,2009,0
26076,2008,0
26076,2007,0
26076,2006,0
26076,2005,0
26076,2004,0
26076,2003,0
26076,2002,0
26076,2001,0
26076,2000,0
26076,1999,0
26076,1998,0
26076,1997,0
26076,1996,0
26076,1995,0
26076,1994,0
26172,2018,0
26172,2017,15603
26172,2016,16587
26172,2015,19932
26172,2014,34819
26172,2013,18445
26172,2012,22519
26172,2011,39129
26172,2010,30567
26172,2009,16571
26172,2008,36559
26172,2007,39278
26172,2006,37805
26172,2005,40789
26172,2004,37010
26172,2003,0
26172,2002,7538
26172,2001,5024
26172,2000,4535
26172,1999,5128
26172,1998,55474
26172,1997,14643
26172,1996,34416
26172,1995,16731
26172,1994,56647
26324,2018,20289
26324,2017,21274
26324,2016,16703
26324,2015,17741
26324,2014,22707
26324,2013,26533
26324,2012,24469
26324,2011,7725
26324,2010,12239
26324,2009,6883
26324,2008,14731
26324,2007,14898
26324,2006,13378
26324,2005,17744
26324,2004,0
26324,2003,8676
26324,2002,0
26324,2001,0
26324,2000,-40
26324,1999,0
26324,1998,0
26324,1997,0
26324,1996,0
26324,1995,0
26324,1994,0
26537,2010,11553
26537,2009,13582
26537,2008,11410
26537,2007,10190
26537,2006,10344
26537,2005,9806
26537,2004,8593
26537,2003,6313
26537,2000,1959
26537,1999,3394
26537,1998,5963
26537,1997,5794
26537,1996,0
26537,1995,0
26780,2018,61402
26780,2017,60220
26780,2016,49769
26780,2015,47260
26780,2014,48058
26780,2013,38481
26780,2012,17590
26780,2011,14963
26780,2010,17415
26780,2009,11778
26780,2008,18879
26780,2007,26924
26780,2006,46077
26780,2005,37921
26780,2004,26547
26780,2003,14831
26780,2002,12849
26780,2001,5831
26780,2000,5664
26780,1999,1495
26780,1998,39656
26780,1997,10207
26780,1996,12788
26780,1995,20476
26780,1994,7558
26987,2004,4598
26987,2003,3829
26987,2002,3538
26987,2001,1451
26987,2000,1567
26987,1999,2433
26987,1998,6510
26987,1997,3940
26987,1996,14688
26987,1995,3388
26990,2001,349
26990,2000,638
26990,1999,1528
26990,1998,4592
26990,1997,0
26990,1996,0
26990,1995,0
27093,2018,0
27093,2017,1207
27093,2016,3622
27093,2015,5720
27093,2014,5973
27093,2013,9840
27093,2012,8325
27093,2011,5497
27093,2010,5491
27093,2009,4318
27093,2008,5326
27093,2007,5145
27093,2006,4703
27093,2005,4166
27093,2004,3805
27093,2003,2626
27093,2002,2144
27093,2001,1059
27093,2000,9270
27093,1999,7002
27093,1998,8645
27093,1997,6327
27093,1996,2763
27093,1995,2006
27096,2008,36344
27096,2007,32108
27096,2006,16168
27096,2005,18081
27096,2004,11566
27096,2003,3539
27096,2002,720
27096,2001,0
27096,2000,0
27096,1999,0
27096,1998,0
27096,1997,0
27096,1996,0
27096,1995,0
27116,2001,95
27116,2000,-1377
27116,1999,5733
27116,1998,8575
27116,1997,7913
27116,1996,2881
27116,1995,3087
27367,2011,555
27367,2010,817
27367,2009,436
27367,2008,5954
27367,2007,6584
27367,2006,6925
27367,2005,7893
27367,2004,2608
27367,2003,5575
27367,2002,6930
27367,2001,4947
27367,2000,1005
27367,1999,850
27367,1998,620
27367,1997,1394
27367,1996,399
27367,1995,709
27419,2018,10969
27419,2017,12471
27419,2016,11988
27419,2015,17410
27419,2014,9922
27419,2013,7939
27419,2012,3533
27419,2011,3701
27419,2010,634
27419,2009,1721
27419,2008,4337
27419,2007,6152
27419,2006,0
27419,2005,0
27419,2004,1172
27419,2003,0
27419,2002,0
27419,2001,0
27419,2000,0
27419,1999,0
27419,1998,0
27419,1997,0
27419,1996,0
27419,1995,0
27419,1994,0
27613,2010,423
27613,2009,385
27613,2008,1357
27613,2007,3164
27613,2006,3223
27613,2005,6732
27613,2004,3926
27613,2003,1595
27613,2002,2064
27613,2001,893
27613,2000,4008
27613,1999,706
27613,1998,1659
27613,1997,5338
27613,1996,907
27613,1995,940
27751,2007,21733
27751,2006,19297
27751,2005,27343
27751,2004,22262
27751,2003,19326
27751,2002,14699
27751,2001,8605
27751,2000,6330
27751,1999,11057
27751,1998,15915
27751,1997,4941
27751,1996,4032
27751,1995,2776
27904,2018,0
27904,2017,0
27904,2016,13402
27904,2015,16161
27904,2014,16529
27904,2013,15660
27904,2012,13468
27904,2011,21195
27904,2010,18196
27904,2009,24398
27904,2008,16956
27904,2007,7250
27904,2006,5215
27904,2005,24910
27904,2004,13649
27904,2003,5444
27904,2002,14212
27904,2001,9640
27904,2000,7322
27904,1999,12611
27904,1998,73087
27904,1997,21786
27904,1996,50338
27904,1995,35736
27904,1994,6551
27996,2018,0
27996,2017,0
27996,2016,41314
27996,2015,43240
27996,2014,47025
27996,2013,40499
27996,2012,37088
27996,2011,10408
27996,2010,9545
27996,2009,6389
27996,2008,10386
27996,2007,11465
27996,2006,15197
27996,2005,18349
27996,2004,28188
27996,2003,14874
27996,2002,16246
27996,2001,5215
27996,2000,14134
27996,1999,2945
27996,1998,55750
27996,1997,3891
27996,1996,42866
27996,1995,1543
27996,1994,1504
28365,2000,0
28365,1999,0
28365,1998,0
28365,1997,0
28365,1996,0
28365,1995,0
28372,2003,0
28372,2002,0
28372,2001,0
28372,2000,0
28372,1999,0
28372,1998,0
28372,1997,0
28372,1996,0
28372,1995,0
28412,2018,43779
28412,2017,45018
28412,2016,47793
28412,2015,48608
28412,2014,57695
28412,2013,58649
28412,2012,62645
28412,2011,64243
28412,2010,48753
28412,2009,48347
28412,2008,48807
28412,2007,42628
28412,2006,33501
28412,2005,26375
28412,2004,22696
28412,2003,8149
28412,2002,9255
28412,2001,7863
28412,2000,7503
28412,1999,6617
28412,1998,16934
28412,1997,8482
28412,1996,8966
28412,1995,11615
28412,1994,8400
28452,2008,10083
28452,2007,7591
28452,2006,16353
28452,2005,14595
28452,2004,17233
28452,2003,7787
28452,2002,5567
28452,2001,5068
28452,2000,0
28452,1999,0
28452,1998,0
28452,1997,0
28452,1996,0
28452,1995,0
28582,2000,0
28582,1999,0
28582,1998,0
28582,1997,0
28582,1996,0
28582,1995,0
28626,2008,1994
28626,2007,7082
28626,2006,7386
28626,2005,5548
28626,2004,3153
28626,2003,3796
28626,2002,4811
28626,2001,3140
28626,2000,6366
28626,1999,1763
28626,1998,26131
28626,1997,4779
28626,1996,3853
28626,1995,1307
28630,2008,21845
28630,2007,18629
28630,2006,6775
28630,2005,11949
28630,2004,17036
28630,2003,14187
28630,2002,10109
28630,2001,5611
28630,2000,8782
28630,1999,2677
28630,1998,5607
28630,1997,9828
28630,1996,6709
28630,1995,10198
28823,2018,0
28823,2017,0
28823,2016,0
28823,2015,0
28823,2014,0
28823,2013,0
28823,2012,0
28823,2011,0
28823,2010,0
28823,2009,0
28823,2008,0
28823,2007,8265
28823,2006,32345
28823,2005,31735
28823,2004,23766
28823,2003,12894
28823,2002,6556
28823,2001,6400
28823,2000,3215
28823,1999,6540
28823,1998,10571
28823,1997,13811
28823,1996,5100
28823,1995,4810
28917,2018,7493
28917,2017,7308
28917,2016,5278
28917,2015,6594
28917,2014,12395
28917,2013,13832
28917,2012,16421
28917,2011,16282
28917,2010,12270
28917,2009,7224
28917,2008,5820
28917,2007,0
28917,2006,0
28917,2005,0
28917,2004,7702
28917,2003,5878
28917,2002,3950
28917,2001,2143
28917,2000,866
28917,1999,1309
28917,1998,0
28917,1997,0
28917,1996,0
28917,1995,0
28917,1994,0
29002,2018,1853
29002,2017,2435
29002,2016,681
29002,2015,50
29002,2014,-60
29002,2013,-60
29002,2012,-60
29002,2011,240
29002,2010,260
29002,2009,240
29002,2008,-40
29002,2007,0
29002,2006,0
29002,2005,0
29002,2004,0
29002,2003,0
29002,2002,0
29002,2001,0
29002,2000,0
29002,1999,0
29002,1998,0
29002,1997,0
29002,1996,0
29002,1995,20
29332,2018,12745
29332,2017,20250
29332,2016,19448
29332,2015,24068
29332,2014,30479
29332,2013,26556
29332,2012,22235
29332,2011,23760
29332,2010,4274
29332,2009,2620
29332,2008,5153
29332,2007,7321
29332,2006,4544
29332,2005,4262
29332,2004,3840
29332,2003,6219
29332,2002,0
29332,2001,0
29332,2000,0
29332,1999,0
29332,1998,0
29332,1997,0
29332,1996,0
29332,1995,0
29332,1994,0
29534,2018,10735
29534,2017,16831
29534,2016,18489
29534,2015,11513
29534,2014,11840
29534,2013,11292
29534,2012,27280
29534,2011,24677
29534,2010,33955
29534,2009,29632
29534,2008,5178
29534,2007,0
29534,2006,17645
29534,2005,9964
29534,2004,9911
29534,2003,6761
29534,2002,7721
29534,2000,2026
29534,1999,775
29534,1998,5139
29534,1997,6017
29534,1996,5408
29534,1995,4846
29534,1994,4969
29590,2000,3447
29669,2018,29055
29669,2017,10868
29669,2016,9689
29669,2015,0
29669,2014,0
29669,2013,0
29669,2012,0
29669,2011,17985
29669,2010,14077
29669,2009,14838
29669,2008,18695
29669,2007,22794
29669,2006,22341
29669,2005,18642
29669,2004,16371
29669,2003,0
29669,2002,7355
29669,2001,0
29669,2000,0
29669,1999,0
29669,1998,0
29669,1997,55110
29669,1996,83285
29669,1995,63574
29669,1994,13172
29806,2010,46848
29806,2009,47426
29806,2008,38746
29806,2007,6395
29806,2006,11659
29806,2005,20217
29806,2004,11371
29806,2003,6538
29834,2015,35840
29834,2014,28216
29834,2013,29539
29834,2012,16209
29834,2011,16657
29834,2010,8120
29834,2009,11488
29834,2008,9895
29834,2007,7084
29834,2006,12105
29834,2005,11352
29834,1996,1780
29905,2018,52751
29905,2017,41374
29905,2016,31969
29905,2015,33472
29905,2014,48454
29905,2013,39897
29905,2012,30176
29905,2011,15759
29905,2010,10330
29905,2009,1819
29905,2008,8149
29905,2007,9545
29905,2006,12320
29905,2005,12916
29905,2004,16423
29905,2003,8708
29905,2002,4923
29905,2001,4845
29905,2000,5450
29905,1999,11143
29905,1998,18277
29905,1997,5172
29905,1996,4806
29905,1995,4269
29905,1994,3525
29915,2018,33352
29915,2017,51062
29915,2016,51172
29915,2015,41247
29915,2014,31282
29915,2013,46515
29915,2012,49394
29915,2011,50621
29915,2010,66504
29915,2009,26455
29915,2008,40842
29915,2007,36011
29915,2006,47141
29915,2005,34220
29915,2004,48177
29915,2003,17517
29915,2002,11877
29915,2001,6578
29915,2000,19406
29915,1999,11993
29915,1998,9053
29915,1997,15893
29915,1996,8463
29915,1995,13347
29924,2007,27985
29924,2006,33799
29924,2005,25757
29924,2004,22994
29924,2003,8154
29924,2002,5901
29924,2001,6949
29924,2000,3484
29924,1999,47252
29924,1998,6051
29924,1997,4877
29924,1996,4271
29924,1995,6018
29924,1994,4747
29989,2018,32401
29989,2017,27813
29989,2016,31239
29989,2015,26008
29989,2014,29665
29989,2013,26966
29989,2012,91512
29989,2011,24659
29989,2010,17645
29989,2009,18220
29989,2008,19164
29989,2007,18525
29989,2006,18633
29989,2005,18229
29989,2004,20407
29989,2003,9711
29989,2002,6909
29989,2001,5726
29989,2000,5081
29989,1999,3351
29989,1998,19506
29989,1997,8173
29989,1996,46390
29989,1995,6091
29989,1994,46091
30140,2010,1024
30140,2009,1090
30140,2008,0
30140,2007,0
30140,2006,4281
30140,2005,4956
30140,2004,8388
30140,2003,570
30140,2002,311
30140,2001,563
30140,2000,2151
30140,1999,8521
30140,1998,1696
30140,1997,6074
30140,1996,1716
30140,1995,978
30197,2003,2333
30197,2002,1830
30197,2001,-1044
30197,2000,1583
30197,1999,723
30197,1998,-565
30197,1997,698
30197,1996,600
30197,1995,470
30197,1994,2306
30302,2014,8516
30302,2013,12412
30302,2012,9335
30302,2011,9662
30302,2010,9419
30302,2009,3698
30302,2008,3008
30302,2007,0
30302,2006,1962
30302,2005,7065
30302,2004,5466
30302,2003,2120
30302,2002,940
30302,2001,389
30302,2000,803
30302,1999,504
30302,1998,1146
30302,1997,2203
30302,1996,1478
30305,2018,21162
30305,2017,29786
30305,2016,23799
30305,2015,11381
30305,2014,17939
30305,2013,6703
30305,2012,25974
30305,2011,19707
30305,2010,12639
30305,2009,29126
30305,2008,23796
30305,2007,21273
30305,2006,19077
30305,2005,12675
30305,2004,9781
30305,2003,3101
30305,2002,2682
30305,2001,1653
30305,2000,3920
30305,1999,1262
30305,1998,2198
30305,1997,3994
30305,1996,29147
30305,1995,13518
30554,2018,49016
30554,2017,52859
30554,2016,36103
30554,2015,24609
30554,2014,20860
30554,2013,23682
30554,2012,19132
30554,2011,24155
30554,2010,12676
30554,2009,15831
30554,2008,18745
30554,2007,17503
30554,2006,25069
30554,2005,24530
30554,2004,25293
30554,2003,30713
30554,2002,16189
30554,2001,11706
30554,2000,13856
30554,1999,10913
30554,1998,11561
30554,1997,8485
30554,1996,7943
30554,1995,9389
30554,1994,16253
30625,2018,18960
30625,2017,104791
30625,2016,14033
30625,2015,17936
30625,2014,29342
30625,2013,32616
30625,2012,34032
30625,2011,20685
30625,2010,9904
30625,2009,5104
30625,2008,27144
30625,2007,25784
30625,2006,43556
30625,2004,9187
30625,2003,18258
30625,2002,16267
30625,2001,13773
30625,2000,22403
30625,1999,20165
30625,1998,4115
30625,1997,0
30625,1996,0
30625,1995,0
